DPM Heng slams Pritam Singh’s independent Budget office idea as ‘wasteful’ in Budget round-up speech,50
What should be included in budget 2021? (Ex the money to all Singaporean’s personal account),24
"Budget 2021: GST will be charged on all goods purchased from overseas starting Jan. 1, 2023",206
"Budget debate: No more new diesel cars, taxis in S'pore from 2025",87
Budget debate: Mayor Denise Phua rebuts Pritam Singh on relevance of CDCs and mayors,43
Budget debate: Safeguards for progressive wage model must be in place to stop vendors from profiteering: MPs,26
Just Kill Off GPCs. They're No Longer Relevant Today,91
"Budget debate: E-payments on the rise but Singapore does not aim to be a cashless society, says Ong Ye Kung",48
Budget 2021: Healthcare workers to get pay rise,130
"Defence budget up this year, as MINDEF spent less than planned in 2020 due to delayed projects: Ng Eng Hen",29
Budget debate: MPs stress need for prudence as S'pore borrows to fund major infrastructure,6
Happy holidays to all the brave warriors defending Singapore!,1000
"Man gets jail for stealing Budget 2020 grocery vouchers, burnt some as offerings for late wife",104
"Budget debate: Give local businesses preferential treatment in govt procurements, urges PSP's Hazel Poa",1
"""Nothing more than business-as-usual"": A look at the SG Green Plan",7
"Budget 2021 expected to be expansionary, despite usual conservative first budget: Economists",31
Megathread: Budget 2021 - Emerging Stronger Together Budget,67
DPM Heng to unveil Budget 2021 in Parliament on Feb 16,32
"Support measures set to taper, but Budget 2021 to remain expansionary: Analysts",17
"Budget debate: S'pore should not pick 5G, 6G prime minister based on race considerations: Chris de Souza",93
Should Singapore do this?,354
"More transparency on reserves needed for informed decisions, like raising GST: PSP's Hazel Poa",51
55 arrested so far over thefts of Budget 2020 grocery vouchers: Indranee,43
Singapore 2021 Budget Bingo,26
Anyone else feels onePA website is terrible?,66
#WPinParliament: Pritam Singh excerpt from Budget 2020 speech,676
"Revamp of National Archives ran S$1.72 million over budget, Auditor-General flags lapses by NLB",64
How to move out from nothing?,112
[LIVE HD] COVID-19: Heng Swee Keat delivers 4th Budget to support Singaporeans and businesses,55
Indranee Rajah refutes WP's Jamus Lim's proposal for independent fiscal council,4
'Way beyond my budget': Malaysians entering Singapore for work under PCA scramble to find rental options,8
When you don’t have the budget for an inhouse logo designer. Seen in KL Sentral in jan. CR: Railtravel Station,471
Full text of Worker's Party chief Pritam Singh's Fortitude Budget debate speech,73
Watch live at 3.30pm: Heng Swee Keat delivers Fortitude Budget to support Singaporeans amid COVID-19 pandemic,26
[Meme Monday] Realisation after watching clips of Parliament recently,512
[CNA]Solidarity Budget Announcement by DPM,45
Total Cost of Ownership of Electric Vehicles for Singapore by 2030,7
"Married People of r/Singapore, How Much Did You Spent on Your Wedding Rings? And Why?",86
Singapore Budget: Plans for Cleaner Energy Vehicles,15
Cai Shen Ye feeling a bit shag,730
"Self-employed persons to get $9,000 in cash under Supplementary Budget to cope with Covid-19 outbreak",49
'Eco Boards' to track residents' utilities use launched at five HDB blocks in Tampines,39
COVID-19 Budget: Singapore allocating additional $48 billion to combat ‘unprecedented crisis’,41
Budget 2020: Rebates for buyers of electric vehicles from Jan 2021 as Singapore goes low-carbon,55
Solidarity Budget by DPM Heng,20
Third round of Budget measures to help S'pore through Covid-19 situation to be rolled out on April 6: DPM Heng Swee Keat,16
"With crowd restrictions due to COVID, it's understandable that malls would save on their Christmas tree budgets this year. But Orchard Gateway, this is eDgY.",0
PV’s proposal to reduce GST (Budget 2020),2
Dr Tan Cheng Bock says “more can be done” for the Budget,5
Singapore Democratic Party’s Proposal on Retrenchment Aid (Post Budget 2020),5
Good Mexican food in Singapore?,120
"The New Paper: More letterboxes tampered with, Budget 2020 vouchers allegedly stolen.",14
WP manifesto is out,446
Live updates: Finance Minister Heng Swee Keat delivers Budget 2020,32
My Mum got scammed by a friend into buying some Organic Soybean powder,73
"Budget 2020: Skilled foreign worker quota in construction, marine shipyard and process sectors to be cut to 15% by 2023",31
Index to help you can get from Covid budgets,31
"Solidarity Budget: S$600 cash support for all adult Singaporeans, other cash payouts to be brought forward to June",17
Singapore budget carrier Jetstar Asia to cut a quarter of its workforce,14
"Budget debate: Let people use their CPF for reskilling, says Sylvia Lim",16
Solidarity Budget: Adult permanent residents with Singaporean family members to receive S$300 cash payout,25
Any verified and trusted barbers for men,45
"Just received this, Car race during phase 3?",78
My man looks like an aged technopreneur,1500
Budget Bicycles.,20
Man clung onto car driven by wife’s lover for 28 minutes after waiting at budget hotel,46
7 people arrested for allegedly stealing grocery vouchers from letterboxes across multiple locations in Singapore,51
SIA burns through half of $8.8 billion cash raised in two months,129
"Budget debate: Embrace diverse views and political differences, says Workers' Party chief Pritam Singh",35
"Budget debate: Transform mindsets, not just infrastructure, in fight against climate change, say MPs",12
"Govt to give details of GST support package in Budget 2020, ahead of tax hike in next term: DPM Heng",13
Facebook user issued correction direction for post containing falsehoods about Resilience Budget,3
Commentary: New Singapore Government measures must be more targeted than previous three Budgets,7
SDP's Response to Budget 2020,0
"Budget 2020: Allocate more support for Singapore firms that deliver results, says WP’s Leon Perera",7
